id,seq
S3_H_T3259,TTTTTTCAGTTATGCTATTAATATTATTATTATTATTTTATGTTTTTTACGATTTTCTGTATAATCTCATATTGTTAATTATGAATATTTGTTGGTATTTTCTTTCCCTG
S3_H_T19582,CGACCCTTATTGTAAACTGTCCTCGTTACTGTTGTTTATTATTATTATTATTATTATTATGATTTTTATTTTTCTGATCGGATCAGCAACTTTACCAGCACACTTACTCT
S3_H_T8300,ACTGCACATTCTATAAAACAACCGCTTTTACACGCTTAAAATCGTCCTCATGATAAATTGTCAATTCTGCTATTTATCTTATTATTTTGCCTTTGTTTTTATTGTTTAGC
S1_H_T3062,ACTCTTTACTCTCCCTCAAGTGGTTATACATTCTTATTAAGAGTCTTTCTTCTGTTGAACACTTGGAATTCTGTAACCATTGACTTCCGTTTTTGTTGTTTTTTTACTAC
S2_L_T6744,GTCCCCTTTTTATTGACTCTGTTATTCCTATTTTCAATTTCTTTTATTCTTCTTCTTTTTTTTTCTTTTCCCTTACATTTTCCGATTGATCTTGACTTTTTGTTCACTGT
S1_L_T36281,CTTCAATAATTGATGTCATTCTTTCTTATAAGCCACTTTTGTATGTTTTCAACAAGTCTTGACATTTTAAACGGGTCATCATTTTTATTTTTTTGTGATTTACTGTGTCT
S3_H_T8300,ACTGCACATTCTATAAAACAACCGCTTTTACACGCTTAAAATCGTCCTCATGATAAATTGTCAATTCTGCTATGTTGTTTATTATTTTGCCTTTGTTTTTATTGTTTAGC
S1_H_T3062,ACTCTTTACTCTCCCTCAAGTGGTTATACATTTGGGTTAAGAGTCTTTCTTCTGTTGAACACTTGGAATTCTGTAACCATTGACTTCCGTTTTTGTTGTTTTTTTACTAC
S3_H_T17650,AACGGTAGTTTAGGAGTTCGGTTAATCTTATTTTCATTACAGCTTTCTCTCTTTGTTTTTTCTATTATTTTATTTTTCTCCTTCATTCTTTTGGTACCACCTCACCCTGT
S1_L_T37610,CCTCCTGCTCTCTTTTTTTTCTGTCCTTAACACTATGGACACGTTTCTGAGCCTCGGAGACCCAGAAGGACCATTCGAATCCTCTGTGAGGAGACCAGACCGTTTTCCAT
S3_H_T8300,ACTGCACATTCTATAAAACAACCGCTTTTACACGCTTAAAATCGTCCTCATGATAAATTGTCAATTCTGCTATGTCTAAAATTATTTTGCCTTTGTTTTTATTGTTTAGC
S1_H_T3062,ACTCTTTACTCTCCCTCAAGTGGTTATACATATGTCCTAAGAGTCTTTCTTCTGTTGAACACTTGGAATTCTGTAACCATTGACTTCCGTTTTTGTTGTTTTTTTACTAC
S3_H_T9670,TGGCTTTTGTCATTGCTGGATTTTAAGATGTTGAAAATGGCTTTTTCATGTTATTGTGTTCCCTCAGTGGTATCAATTTGAAGTTTTTTTTGTTTGTTCTCTCTTTCTTG
S3_H_T17650,AACGGTAGTTTAGGAGTTCGGTTAATTCCTTATTCATTACAGCTTTCTCTCTTTGTTTTTTCTATTATTTTATTTTTCTCCTTCATTCTTTTGGTACCACCTCACCCTGT
S3_H_T15830,CAATTTGATCTGAGTGGATTTTTTTTTCACTCCCCTGAGCATCTTCCCACTCTATGGGTAAGCTCTACAAAAGTGATAATCTTGACAATCCCTTCCAGAGTGTGTCTCTT
S2_L_T6398,CTTCTTCAACTGCAGTGTCCATTTTTTGTACAGTGTCTACAACTGCAGCGTCTTCACCAACTACAGCTTCTTCAACTGCAGTGTCCTCAGCAACTACAGCTTCTTCAACT
S2_L_T6369,GTGACTTCACCCTAGATGATGCTGAAGAATCCAACTCTACCCTATATGGTAACTTCAGCCTGGATGATGCTGCTGAATCCAATTCAATTTTTTATGGAAACTTCAGCCTA
S1_L_T14419,CCGAGACCAAGACCATCACCTATGAAGCTGCGCAGGTGATGTTTTTTACGACGGAGAGCCTGGTGTCCTCATGACTGCCCAAACCATCACCTCTGAGTCTCTCTGCACCA
S3_H_T1747,CATGTTTTTTACTTCCCTGTGGGCAAGTCGGAGCCATTCTCAGGCATGGATGGAACCTCACCGTCCTTCCCAATAACTCTGGATCCATTCTGCGCCATCTTGGTGCTGTG
S1_L_T17256,GCTGTCTGTCCACTTCTGCTCTTATTTAACCCTGGTTAACTACTGAGCCTCCAAGACAACTGTTAATTTACTGTCTTTTTTTAATTATGTGTTTCTCACAGACCCTTCGA
S1_L_T26967,TGAAGCATGTGAATCAAGGAATCGAGTTTTTTTTTTCTGGCTTATTCACTACCAAACTCTCATAACAGTACTTTATTGCTATACATTTGTTCTTGTCCCTAGTTACTGCT
S3_H_T3584,AGCTGTTTCTTTCCTCACGGCTGATGTGGAATGGTGTTATACTGTATATTTAGTGTCAACTTCTCCCTGAATTTTTTTTTATTCGCTATGTCTGTCTGCGGTTTCTATTT
S1_L_T36218,TACGTGTGCATGTGTGTGTTCACAAGCGCGTATGTGTTCGTGTGCACGTATGTGTGCACATATAGATGTGTTCGCAGCGCATATGTGTTCACATTTACGTATTTTTTTTT
S1_H_T4422,TTTTTTTACGAAACTGACGCTAGAGGTCAACAGCACAGAATCATGATGCGACTGTTGTCCGCTCTTGCCTTCTCGAAACGCTCCTACGATTCTTGTCAGAGGCCCTGCGT
S1_L_T3591,ATTTTTTTGTTCGGTGTCTGTCAAGCTTCTCATCCACTGGCTCTCAGCCCAGATCAAGACGTCACTGATGTCCGTTTCTGCTTGGGTTTGAACTGCTGGCTTTGTAATCT
S1_L_T21968,GAAGTGCTTCACTGAGTCGGCCATGTGTCTGGTTCACGCCATTTTTTTGGTGGCTGAATATCTCAGCATGCTGGAGGATCACAAATACTTGCCTGTGGGCAGCGTCACCT
S3_H_T9858,CCTTCCAGAGTGTGTCTCTTGGCCAGTCCCTGTTCTTCCACTTTCAACCTTTTTTTTTTGACGGAGAGGTTATGTGCTGATGTTGGACACATCCCTCTCTCGCTCCCAGT
S1_L_T5728,TCCTCGCAGCTCTAGGCCTTAAACACAGCGCTAACCAGCTCTTTTTTTTTCGTCGTTGTCCTTTCTGATCGCTGAATGAAGACGTCCAGCGAACGTCCTCCGTGATCTTC
S1_L_T4656,CCTTTGAGCTACTATTTGTCCGTTGCATTTCCACCTTCGATGGGTGTGTTCTGGTACTTTGCCTTCTTTGTCTTATATTTTTTGCTGCTCTGAATGAGTTTCTCATTCCA
